customer_id,first_name,last_name,email,signup_date,city,country,acquisition_channel,is_business_customer
CUST00001,Tim,Wagner,tim.wagner1@example.com,2025-04-25,Hamburg,DE,organic,True
CUST00002,Tim,Wolf,tim.wolf2@example.com,2025-04-15,Vienna,AT,organic,False
CUST00003,Vahid,Weber,vahid.weber3@example.com,2025-01-31,Berlin,DE,paid_social,True
CUST00004,Nina,Wolf,nina.wolf4@example.com,2025-07-23,Graz,AT,paid_search,False
CUST00005,Anna,Fischer,anna.fischer5@example.com,2025-10-12,Zurich,CH,email,False
CUST00006,Jonas,Schmidt,jonas.schmidt6@example.com,2025-06-09,Cologne,DE,organic,True
CUST00007,Mina,Meyer,mina.meyer7@example.com,2025-12-19,Leipzig,DE,email,False
CUST00008,Elena,Wagner,elena.wagner8@example.com,2026-01-23,Berlin,DE,affiliate,False
CUST00009,Vahid,Schmidt,vahid.schmidt9@example.com,2026-01-06,Leipzig,DE,organic,False
CUST00010,Vahid,Schmidt,vahid.schmidt10@example.com,2025-10-24,Berlin,DE,paid_search,False
CUST00011,Jonas,Becker,jonas.becker11@example.com,2026-01-09,Munich,DE,organic,False
CUST00012,Nina,Fischer,nina.fischer12@example.com,2025-03-15,Leipzig,DE,paid_social,False
CUST00013,Mina,Wolf,mina.wolf13@example.com,2026-04-19,Bremen,DE,organic,False
CUST00014,Anna,Becker,anna.becker14@example.com,2025-02-27,Cologne,DE,paid_search,True
CUST00015,Nina,Klein,nina.klein15@example.com,2025-11-19,Cologne,DE,paid_search,False
CUST00016,Mina,Fischer,mina.fischer16@example.com,2026-04-15,Munich,DE,organic,False
CUST00017,Omid,Hoffmann,omid.hoffmann17@example.com,2025-09-27,Graz,AT,direct,False
CUST00018,Elena,Klein,elena.klein18@example.com,2025-08-13,Munich,DE,organic,True
CUST00019,Nina,Fischer,nina.fischer19@example.com,2025-04-23,Munich,DE,email,False
CUST00020,Laura,Neumann,laura.neumann20@example.com,2025-03-07,Bremen,DE,direct,False
CUST00021,Tim,Schmidt,tim.schmidt21@example.com,2025-01-12,Vienna,AT,email,False
CUST00022,Nina,Becker,nina.becker22@example.com,2025-10-01,Zurich,CH,organic,False
CUST00023,Tim,Wagner,tim.wagner23@example.com,2026-04-10,Hamburg,DE,direct,False
CUST00024,Nina,Wagner,nina.wagner24@example.com,2025-04-19,Basel,CH,affiliate,False
CUST00025,Jonas,Fischer,jonas.fischer25@example.com,2025-07-23,Munich,DE,paid_social,False
CUST00026,Jonas,Klein,jonas.klein26@example.com,2025-01-01,Leipzig,DE,organic,False
CUST00027,Anna,Weber,anna.weber27@example.com,2025-11-11,Cologne,DE,affiliate,False
CUST00028,David,Schmidt,david.schmidt28@example.com,2025-03-29,Graz,AT,direct,False
CUST00029,Nina,Klein,nina.klein29@example.com,2025-05-09,Munich,DE,direct,False
CUST00030,Elena,Weber,elena.weber30@example.com,2026-03-10,Cologne,DE,email,False
CUST00031,Elena,Klein,elena.klein31@example.com,2026-01-18,Düsseldorf,DE,organic,False
CUST00032,Omid,Wolf,omid.wolf32@example.com,2025-12-13,Hamburg,DE,organic,False
CUST00033,Nina,Meyer,nina.meyer33@example.com,2025-03-14,Graz,AT,organic,False
CUST00034,Elena,Weber,elena.weber34@example.com,2025-12-05,Berlin,DE,paid_search,False
CUST00035,Omid,Neumann,omid.neumann35@example.com,2025-05-16,Graz,AT,paid_social,False
CUST00036,Max,Schmidt,max.schmidt36@example.com,2026-02-21,Cologne,DE,email,False
CUST00037,Tim,Meyer,tim.meyer37@example.com,2026-02-25,Düsseldorf,DE,email,False
CUST00038,Laura,Becker,laura.becker38@example.com,2025-04-11,Hamburg,DE,affiliate,True
CUST00039,Elena,Klein,elena.klein39@example.com,2025-07-16,Cologne,DE,organic,False
CUST00040,Max,Klein,max.klein40@example.com,2026-04-19,Cologne,DE,affiliate,False
CUST00041,Nina,Wolf,nina.wolf41@example.com,2025-04-11,Hamburg,DE,affiliate,False
CUST00042,Laura,Klein,laura.klein42@example.com,2025-08-31,Munich,DE,paid_social,False
CUST00043,Laura,Meyer,laura.meyer43@example.com,2025-03-02,Munich,DE,direct,False
CUST00044,Laura,Wolf,laura.wolf44@example.com,2026-04-11,Frankfurt,DE,email,False
CUST00045,Vahid,Meyer,vahid.meyer45@example.com,2025-07-14,Frankfurt,DE,paid_social,False
CUST00046,Anna,Neumann,anna.neumann46@example.com,2025-11-18,Hamburg,DE,paid_social,False
CUST00047,Elena,Schmidt,elena.schmidt47@example.com,2025-06-11,Hamburg,DE,affiliate,True
CUST00048,Vahid,Hoffmann,vahid.hoffmann48@example.com,2025-03-11,Vienna,AT,organic,False
CUST00049,Omid,Meyer,omid.meyer49@example.com,2025-09-10,Leipzig,DE,email,False
CUST00050,Mina,Weber,mina.weber50@example.com,2025-11-20,Amsterdam,NL,email,False
CUST00051,Sara,Wagner,sara.wagner51@example.com,2025-09-29,Bremen,DE,paid_social,False
CUST00052,David,Neumann,david.neumann52@example.com,2025-03-16,Hamburg,DE,direct,False
CUST00053,Vahid,Wolf,vahid.wolf53@example.com,2025-03-17,Hannover,DE,paid_search,False
CUST00054,Vahid,Becker,vahid.becker54@example.com,2025-03-12,Amsterdam,NL,paid_search,False
CUST00055,Nina,Wolf,nina.wolf55@example.com,2025-11-06,Leipzig,DE,organic,False
CUST00056,Nina,Schmidt,nina.schmidt56@example.com,2025-11-03,Amsterdam,NL,direct,True
CUST00057,Max,Wolf,max.wolf57@example.com,2025-04-29,Amsterdam,NL,organic,False
CUST00058,Jonas,Weber,jonas.weber58@example.com,2025-08-04,Graz,AT,email,False
CUST00059,Anna,Schmidt,anna.schmidt59@example.com,2026-05-16,Frankfurt,DE,email,False
CUST00060,Jonas,Fischer,jonas.fischer60@example.com,2025-02-15,Hamburg,DE,email,False
CUST00061,Tim,Hoffmann,tim.hoffmann61@example.com,2026-03-29,Hannover,DE,paid_social,True
CUST00062,Anna,Becker,anna.becker62@example.com,2025-06-02,Hannover,DE,paid_social,True
CUST00063,Mina,Becker,mina.becker63@example.com,2025-05-11,Hamburg,DE,direct,False
CUST00064,Jonas,Weber,jonas.weber64@example.com,2025-02-10,Amsterdam,NL,email,False
CUST00065,Elena,Hoffmann,elena.hoffmann65@example.com,2025-12-29,Zurich,CH,direct,False
CUST00066,Sara,Fischer,sara.fischer66@example.com,2025-08-31,Basel,CH,direct,True
CUST00067,Laura,Weber,laura.weber67@example.com,2025-12-07,Zurich,CH,paid_search,False
CUST00068,Anna,Klein,anna.klein68@example.com,2025-04-21,Bremen,DE,organic,False
CUST00069,Mina,Weber,mina.weber69@example.com,2026-04-17,Stuttgart,DE,organic,False
CUST00070,Mina,Schmidt,mina.schmidt70@example.com,2026-02-13,Stuttgart,DE,direct,False
CUST00071,Elena,Becker,elena.becker71@example.com,2026-02-14,Vienna,AT,direct,True
CUST00072,Omid,Wagner,omid.wagner72@example.com,2025-09-25,Munich,DE,organic,False
CUST00073,Jonas,Hoffmann,jonas.hoffmann73@example.com,2025-12-20,Graz,AT,email,False
CUST00074,Omid,Weber,omid.weber74@example.com,2026-01-30,Amsterdam,NL,paid_search,False
CUST00075,Elena,Weber,elena.weber75@example.com,2025-01-02,Hannover,DE,paid_search,True
CUST00076,Jonas,Schmidt,jonas.schmidt76@example.com,2025-12-05,Leipzig,DE,email,False
CUST00077,Laura,Becker,laura.becker77@example.com,2025-11-13,Vienna,AT,paid_search,False
CUST00078,Laura,Hoffmann,laura.hoffmann78@example.com,2025-05-11,Cologne,DE,email,False
CUST00079,Elena,Meyer,elena.meyer79@example.com,2025-11-05,Bremen,DE,paid_search,False
CUST00080,David,Klein,david.klein80@example.com,2025-11-26,Düsseldorf,DE,email,False
CUST00081,Max,Wagner,max.wagner81@example.com,2025-06-23,Vienna,AT,paid_social,False
CUST00082,Vahid,Wagner,vahid.wagner82@example.com,2025-12-10,Berlin,DE,organic,False
CUST00083,Vahid,Klein,vahid.klein83@example.com,2025-01-26,Hamburg,DE,email,False
CUST00084,Nina,Neumann,nina.neumann84@example.com,2026-04-12,Bremen,DE,organic,False
CUST00085,Vahid,Fischer,vahid.fischer85@example.com,2026-05-22,Bremen,DE,email,True
CUST00086,Laura,Weber,laura.weber86@example.com,2025-04-20,Zurich,CH,organic,False
CUST00087,Elena,Weber,elena.weber87@example.com,2026-04-21,Hamburg,DE,direct,True
CUST00088,David,Wolf,david.wolf88@example.com,2025-05-17,Zurich,CH,direct,False
CUST00089,Tim,Wolf,tim.wolf89@example.com,2026-03-30,Leipzig,DE,paid_search,False
CUST00090,Sara,Klein,sara.klein90@example.com,2026-04-02,Amsterdam,NL,paid_social,False
CUST00091,Elena,Klein,elena.klein91@example.com,2025-10-11,Zurich,CH,email,False
CUST00092,Mina,Weber,mina.weber92@example.com,2025-03-21,Graz,AT,paid_search,False
CUST00093,Sara,Weber,sara.weber93@example.com,2025-03-24,Munich,DE,paid_search,False
CUST00094,Laura,Hoffmann,laura.hoffmann94@example.com,2025-08-08,Berlin,DE,paid_search,False
CUST00095,Laura,Hoffmann,laura.hoffmann95@example.com,2025-03-05,Cologne,DE,direct,False
CUST00096,Omid,Hoffmann,omid.hoffmann96@example.com,2025-01-21,Basel,CH,paid_social,False
CUST00097,Laura,Hoffmann,laura.hoffmann97@example.com,2025-11-02,Zurich,CH,paid_social,False
CUST00098,Vahid,Wagner,vahid.wagner98@example.com,2025-08-14,Düsseldorf,DE,paid_search,True
CUST00099,Nina,Hoffmann,nina.hoffmann99@example.com,2025-12-11,Vienna,AT,email,False
CUST00100,Elena,Meyer,elena.meyer100@example.com,2025-05-11,Leipzig,DE,direct,False
CUST00101,Nina,Hoffmann,nina.hoffmann101@example.com,2025-01-28,Berlin,DE,organic,False
CUST00102,Laura,Becker,laura.becker102@example.com,2025-02-21,Frankfurt,DE,organic,False
CUST00103,Laura,Wagner,laura.wagner103@example.com,2026-01-24,Frankfurt,DE,affiliate,False
CUST00104,Vahid,Schmidt,vahid.schmidt104@example.com,2025-02-23,Stuttgart,DE,email,False
CUST00105,Vahid,Meyer,vahid.meyer105@example.com,2025-02-01,Cologne,DE,email,False
CUST00106,Max,Neumann,max.neumann106@example.com,2026-04-30,Vienna,AT,direct,False
CUST00107,Jonas,Fischer,jonas.fischer107@example.com,2025-09-20,Zurich,CH,email,False
CUST00108,Sara,Wagner,sara.wagner108@example.com,2025-04-28,Zurich,CH,organic,True
CUST00109,Nina,Hoffmann,nina.hoffmann109@example.com,2025-11-16,Leipzig,DE,paid_search,False
CUST00110,Tim,Weber,tim.weber110@example.com,2025-03-19,Leipzig,DE,organic,False
CUST00111,Omid,Meyer,omid.meyer111@example.com,2025-05-04,Zurich,CH,paid_search,False
CUST00112,Elena,Becker,elena.becker112@example.com,2026-01-15,Berlin,DE,organic,False
CUST00113,Laura,Becker,laura.becker113@example.com,2026-05-17,Berlin,DE,email,False
CUST00114,Sara,Wolf,sara.wolf114@example.com,2025-06-06,Bremen,DE,direct,False
CUST00115,Laura,Neumann,laura.neumann115@example.com,2026-05-11,Düsseldorf,DE,paid_search,False
CUST00116,David,Weber,david.weber116@example.com,2025-03-30,Frankfurt,DE,email,False
CUST00117,Anna,Klein,anna.klein117@example.com,2026-01-24,Stuttgart,DE,affiliate,False
CUST00118,Mina,Becker,mina.becker118@example.com,2025-08-06,Stuttgart,DE,paid_search,False
CUST00119,Anna,Wolf,anna.wolf119@example.com,2025-10-10,Hannover,DE,direct,True
CUST00120,Elena,Weber,elena.weber120@example.com,2026-02-21,Düsseldorf,DE,email,False
CUST00121,Anna,Schmidt,anna.schmidt121@example.com,2026-05-18,Düsseldorf,DE,paid_search,False
CUST00122,Nina,Neumann,nina.neumann122@example.com,2025-09-07,Frankfurt,DE,paid_search,False
CUST00123,Tim,Wolf,tim.wolf123@example.com,2025-12-19,Bremen,DE,paid_search,False
CUST00124,Mina,Weber,mina.weber124@example.com,2025-10-05,Frankfurt,DE,organic,False
CUST00125,Elena,Fischer,elena.fischer125@example.com,2025-05-03,Graz,AT,organic,False
CUST00126,Omid,Wolf,omid.wolf126@example.com,2025-10-11,Graz,AT,paid_social,False
CUST00127,Vahid,Becker,vahid.becker127@example.com,2025-07-18,Frankfurt,DE,organic,True
CUST00128,Anna,Meyer,anna.meyer128@example.com,2025-05-10,Frankfurt,DE,paid_social,False
CUST00129,David,Schmidt,david.schmidt129@example.com,2025-05-10,Vienna,AT,affiliate,False
CUST00130,David,Becker,david.becker130@example.com,2026-04-26,Düsseldorf,DE,organic,True
CUST00131,Max,Hoffmann,max.hoffmann131@example.com,2026-05-05,Berlin,DE,paid_social,False
CUST00132,Sara,Neumann,sara.neumann132@example.com,2025-02-24,Munich,DE,direct,True
CUST00133,Elena,Hoffmann,elena.hoffmann133@example.com,2025-09-12,Berlin,DE,email,False
CUST00134,Elena,Hoffmann,elena.hoffmann134@example.com,2025-08-20,Zurich,CH,paid_social,False
CUST00135,Omid,Neumann,omid.neumann135@example.com,2026-03-16,Frankfurt,DE,organic,False
CUST00136,Vahid,Weber,vahid.weber136@example.com,2025-04-12,Zurich,CH,paid_search,True
CUST00137,Elena,Schmidt,elena.schmidt137@example.com,2025-09-03,Munich,DE,organic,False
CUST00138,Anna,Weber,anna.weber138@example.com,2026-04-27,Frankfurt,DE,paid_search,False
CUST00139,Nina,Weber,nina.weber139@example.com,2026-04-10,Berlin,DE,direct,False
CUST00140,Max,Wolf,max.wolf140@example.com,2025-07-22,Bremen,DE,organic,True
CUST00141,Sara,Schmidt,sara.schmidt141@example.com,2025-09-30,Basel,CH,organic,False
CUST00142,Max,Klein,max.klein142@example.com,2025-10-23,Düsseldorf,DE,email,False
CUST00143,Elena,Klein,elena.klein143@example.com,2025-10-06,Hannover,DE,paid_search,False
CUST00144,Jonas,Neumann,jonas.neumann144@example.com,2026-03-19,Graz,AT,paid_search,True
CUST00145,Nina,Wagner,nina.wagner145@example.com,2025-01-22,Zurich,CH,paid_social,False
CUST00146,Elena,Klein,elena.klein146@example.com,2025-06-29,Düsseldorf,DE,direct,False
CUST00147,David,Schmidt,david.schmidt147@example.com,2026-03-23,Vienna,AT,paid_social,False
CUST00148,Max,Fischer,max.fischer148@example.com,2025-11-25,Vienna,AT,paid_search,False
CUST00149,Laura,Wolf,laura.wolf149@example.com,2025-10-23,Vienna,AT,organic,True
CUST00150,Max,Hoffmann,max.hoffmann150@example.com,2025-09-16,Stuttgart,DE,affiliate,False
CUST00151,Elena,Klein,elena.klein151@example.com,2025-01-02,Vienna,AT,paid_search,False
CUST00152,David,Klein,david.klein152@example.com,2026-01-06,Leipzig,DE,email,False
CUST00153,Mina,Klein,mina.klein153@example.com,2025-05-15,Amsterdam,NL,direct,False
CUST00154,Omid,Weber,omid.weber154@example.com,2025-01-30,Vienna,AT,email,False
CUST00155,Laura,Schmidt,laura.schmidt155@example.com,2025-01-15,Hannover,DE,organic,False
CUST00156,Max,Fischer,max.fischer156@example.com,2025-04-27,Düsseldorf,DE,paid_social,False
CUST00157,David,Klein,david.klein157@example.com,2025-10-07,Bremen,DE,organic,False
CUST00158,Omid,Wolf,omid.wolf158@example.com,2026-01-28,Cologne,DE,email,True
CUST00159,Laura,Becker,laura.becker159@example.com,2025-03-13,Frankfurt,DE,direct,False
CUST00160,Tim,Wagner,tim.wagner160@example.com,2025-01-03,Frankfurt,DE,affiliate,False
CUST00161,Sara,Klein,sara.klein161@example.com,2026-05-17,Basel,CH,paid_social,False
CUST00162,Jonas,Weber,jonas.weber162@example.com,2026-01-22,Düsseldorf,DE,direct,False
CUST00163,Laura,Meyer,laura.meyer163@example.com,2026-01-28,Cologne,DE,paid_search,False
CUST00164,Nina,Fischer,nina.fischer164@example.com,2026-01-26,Bremen,DE,paid_social,True
CUST00165,Jonas,Schmidt,jonas.schmidt165@example.com,2026-05-30,Leipzig,DE,affiliate,False
CUST00166,Tim,Fischer,tim.fischer166@example.com,2026-04-13,Hamburg,DE,paid_search,False
CUST00167,David,Wagner,david.wagner167@example.com,2025-06-08,Berlin,DE,paid_search,False
CUST00168,Jonas,Wolf,jonas.wolf168@example.com,2025-03-24,Basel,CH,paid_search,False
CUST00169,Elena,Meyer,elena.meyer169@example.com,2026-05-15,Basel,CH,email,False
CUST00170,Tim,Schmidt,tim.schmidt170@example.com,2025-10-22,Cologne,DE,paid_search,True
CUST00171,Sara,Wagner,sara.wagner171@example.com,2025-04-13,Düsseldorf,DE,direct,True
CUST00172,Jonas,Becker,jonas.becker172@example.com,2025-02-27,Frankfurt,DE,paid_search,False
CUST00173,Nina,Fischer,nina.fischer173@example.com,2026-02-26,Leipzig,DE,organic,True
CUST00174,Nina,Weber,nina.weber174@example.com,2026-01-27,Leipzig,DE,paid_social,False
CUST00175,Nina,Wagner,nina.wagner175@example.com,2025-08-26,Düsseldorf,DE,paid_social,False
CUST00176,Mina,Wolf,mina.wolf176@example.com,2026-04-22,Amsterdam,NL,organic,False
CUST00177,Mina,Hoffmann,mina.hoffmann177@example.com,2025-12-20,Leipzig,DE,email,False
CUST00178,Laura,Klein,laura.klein178@example.com,2025-11-06,Cologne,DE,organic,False
CUST00179,Mina,Wagner,mina.wagner179@example.com,2026-01-03,Leipzig,DE,organic,False
CUST00180,Anna,Neumann,anna.neumann180@example.com,2026-02-10,Frankfurt,DE,affiliate,False
CUST00181,Omid,Klein,omid.klein181@example.com,2025-02-20,Amsterdam,NL,affiliate,False
CUST00182,Jonas,Weber,jonas.weber182@example.com,2025-08-24,Leipzig,DE,email,False
CUST00183,Max,Meyer,max.meyer183@example.com,2025-05-21,Vienna,AT,paid_search,False
CUST00184,Sara,Schmidt,sara.schmidt184@example.com,2026-01-09,Graz,AT,direct,False
CUST00185,Vahid,Fischer,vahid.fischer185@example.com,2026-03-02,Munich,DE,email,False
CUST00186,Elena,Wagner,elena.wagner186@example.com,2026-01-10,Hannover,DE,affiliate,False
CUST00187,Mina,Becker,mina.becker187@example.com,2026-05-09,Zurich,CH,affiliate,False
CUST00188,Vahid,Hoffmann,vahid.hoffmann188@example.com,2025-03-19,Munich,DE,direct,False
CUST00189,Laura,Meyer,laura.meyer189@example.com,2026-01-10,Berlin,DE,paid_search,True
CUST00190,Tim,Wagner,tim.wagner190@example.com,2026-01-13,Vienna,AT,paid_social,False
CUST00191,Nina,Weber,nina.weber191@example.com,2026-01-16,Berlin,DE,paid_social,False
CUST00192,Omid,Weber,omid.weber192@example.com,2025-12-02,Amsterdam,NL,email,False
CUST00193,Tim,Wagner,tim.wagner193@example.com,2026-04-21,Amsterdam,NL,email,True
CUST00194,Mina,Klein,mina.klein194@example.com,2025-02-16,Hamburg,DE,organic,False
CUST00195,David,Becker,david.becker195@example.com,2025-05-19,Bremen,DE,email,False
CUST00196,Tim,Fischer,tim.fischer196@example.com,2026-03-06,Leipzig,DE,direct,False
CUST00197,Laura,Wagner,laura.wagner197@example.com,2026-05-17,Leipzig,DE,organic,False
CUST00198,Vahid,Becker,vahid.becker198@example.com,2026-03-31,Düsseldorf,DE,organic,False
CUST00199,Laura,Wagner,laura.wagner199@example.com,2026-01-03,Hamburg,DE,organic,True
CUST00200,Nina,Weber,nina.weber200@example.com,2026-04-11,Berlin,DE,email,False
CUST00201,Jonas,Weber,jonas.weber201@example.com,2025-01-22,Hamburg,DE,direct,False
CUST00202,Elena,Weber,elena.weber202@example.com,2025-07-30,Berlin,DE,paid_social,False
CUST00203,Sara,Neumann,sara.neumann203@example.com,2025-08-27,Stuttgart,DE,organic,False
CUST00204,Elena,Wagner,elena.wagner204@example.com,2025-05-29,Munich,DE,email,True
CUST00205,Anna,Becker,anna.becker205@example.com,2025-01-27,Munich,DE,email,False
CUST00206,Sara,Wagner,sara.wagner206@example.com,2025-11-28,Hamburg,DE,organic,False
CUST00207,Max,Klein,max.klein207@example.com,2025-04-27,Graz,AT,paid_search,False
CUST00208,Elena,Weber,elena.weber208@example.com,2025-04-22,Düsseldorf,DE,direct,True
CUST00209,Nina,Meyer,nina.meyer209@example.com,2025-11-05,Düsseldorf,DE,organic,False
CUST00210,Nina,Schmidt,nina.schmidt210@example.com,2026-02-16,Bremen,DE,paid_social,False
CUST00211,Max,Becker,max.becker211@example.com,2025-03-17,Amsterdam,NL,email,True
CUST00212,Nina,Neumann,nina.neumann212@example.com,2025-10-09,Leipzig,DE,paid_social,False
CUST00213,Elena,Neumann,elena.neumann213@example.com,2025-10-29,Düsseldorf,DE,paid_search,False
CUST00214,Nina,Wolf,nina.wolf214@example.com,2025-04-28,Basel,CH,email,False
CUST00215,Vahid,Hoffmann,vahid.hoffmann215@example.com,2026-04-08,Amsterdam,NL,paid_search,False
CUST00216,Max,Becker,max.becker216@example.com,2026-03-02,Graz,AT,paid_search,False
CUST00217,Nina,Klein,nina.klein217@example.com,2026-01-19,Munich,DE,organic,False
CUST00218,Max,Becker,max.becker218@example.com,2025-04-06,Bremen,DE,affiliate,False
CUST00219,Max,Hoffmann,max.hoffmann219@example.com,2025-12-04,Vienna,AT,paid_search,False
CUST00220,Tim,Meyer,tim.meyer220@example.com,2026-03-10,Basel,CH,direct,False
CUST00221,Omid,Wolf,omid.wolf221@example.com,2025-12-27,Berlin,DE,organic,False
CUST00222,Max,Becker,max.becker222@example.com,2025-08-18,Basel,CH,affiliate,False
CUST00223,Vahid,Hoffmann,vahid.hoffmann223@example.com,2025-10-13,Leipzig,DE,affiliate,False
CUST00224,Nina,Wagner,nina.wagner224@example.com,2025-01-27,Leipzig,DE,organic,False
CUST00225,Jonas,Becker,jonas.becker225@example.com,2025-11-13,Amsterdam,NL,organic,False
CUST00226,Sara,Meyer,sara.meyer226@example.com,2026-02-15,Berlin,DE,organic,False
CUST00227,David,Becker,david.becker227@example.com,2026-01-21,Bremen,DE,organic,False
CUST00228,Omid,Neumann,omid.neumann228@example.com,2025-11-29,Zurich,CH,organic,True
CUST00229,Omid,Meyer,omid.meyer229@example.com,2025-06-11,Zurich,CH,email,False
CUST00230,Omid,Klein,omid.klein230@example.com,2026-03-11,Düsseldorf,DE,paid_search,False
CUST00231,Laura,Schmidt,laura.schmidt231@example.com,2025-04-27,Stuttgart,DE,paid_search,False
CUST00232,Nina,Wagner,nina.wagner232@example.com,2026-05-14,Hannover,DE,organic,False
CUST00233,Vahid,Wagner,vahid.wagner233@example.com,2025-02-26,Hamburg,DE,direct,False
CUST00234,Jonas,Schmidt,jonas.schmidt234@example.com,2025-09-19,Frankfurt,DE,organic,False
CUST00235,Laura,Wolf,laura.wolf235@example.com,2025-06-29,Munich,DE,email,False
CUST00236,Laura,Meyer,laura.meyer236@example.com,2025-12-29,Berlin,DE,paid_search,False
CUST00237,Jonas,Neumann,jonas.neumann237@example.com,2025-03-21,Basel,CH,paid_search,False
CUST00238,Max,Hoffmann,max.hoffmann238@example.com,2026-03-04,Frankfurt,DE,organic,False
CUST00239,Tim,Becker,tim.becker239@example.com,2026-04-17,Basel,CH,organic,False
CUST00240,Omid,Hoffmann,omid.hoffmann240@example.com,2025-09-07,Bremen,DE,paid_social,False
CUST00241,Jonas,Weber,jonas.weber241@example.com,2025-11-14,Graz,AT,paid_search,False
CUST00242,Elena,Weber,elena.weber242@example.com,2025-04-27,Hannover,DE,direct,False
CUST00243,Max,Fischer,max.fischer243@example.com,2025-06-01,Cologne,DE,paid_search,False
CUST00244,Nina,Schmidt,nina.schmidt244@example.com,2025-06-06,Zurich,CH,organic,False
CUST00245,Omid,Neumann,omid.neumann245@example.com,2026-05-21,Düsseldorf,DE,paid_search,False
CUST00246,Nina,Becker,nina.becker246@example.com,2025-11-27,Basel,CH,organic,True
CUST00247,Mina,Wagner,mina.wagner247@example.com,2026-03-29,Vienna,AT,paid_social,False
CUST00248,David,Klein,david.klein248@example.com,2025-03-17,Frankfurt,DE,organic,False
CUST00249,Nina,Schmidt,nina.schmidt249@example.com,2025-10-21,Berlin,DE,email,False
CUST00250,Elena,Meyer,elena.meyer250@example.com,2026-04-19,Leipzig,DE,paid_search,False
CUST00251,Omid,Klein,omid.klein251@example.com,2025-07-12,Stuttgart,DE,paid_social,False
CUST00252,Jonas,Schmidt,jonas.schmidt252@example.com,2026-04-07,Berlin,DE,paid_social,False
CUST00253,David,Klein,david.klein253@example.com,2025-09-11,Graz,AT,paid_social,False
CUST00254,Mina,Hoffmann,mina.hoffmann254@example.com,2026-01-08,Stuttgart,DE,paid_search,False
CUST00255,Nina,Becker,nina.becker255@example.com,2025-02-23,Zurich,CH,organic,True
CUST00256,Mina,Neumann,mina.neumann256@example.com,2026-01-31,Frankfurt,DE,affiliate,False
CUST00257,Jonas,Wagner,jonas.wagner257@example.com,2025-05-25,Amsterdam,NL,direct,False
CUST00258,Omid,Schmidt,omid.schmidt258@example.com,2026-02-06,Munich,DE,paid_search,False
CUST00259,Sara,Wolf,sara.wolf259@example.com,2025-12-03,Basel,CH,organic,False
CUST00260,Jonas,Wagner,jonas.wagner260@example.com,2026-01-06,Hamburg,DE,organic,False
CUST00261,Vahid,Fischer,vahid.fischer261@example.com,2026-05-13,Cologne,DE,organic,False
CUST00262,Elena,Wolf,elena.wolf262@example.com,2025-04-14,Hannover,DE,organic,False
CUST00263,Laura,Fischer,laura.fischer263@example.com,2025-05-15,Leipzig,DE,organic,False
CUST00264,David,Meyer,david.meyer264@example.com,2025-06-19,Graz,AT,paid_search,False
CUST00265,Omid,Wagner,omid.wagner265@example.com,2025-09-01,Düsseldorf,DE,email,False
CUST00266,Vahid,Wagner,vahid.wagner266@example.com,2025-08-28,Hannover,DE,direct,False
CUST00267,Nina,Neumann,nina.neumann267@example.com,2025-07-18,Stuttgart,DE,direct,False
CUST00268,Laura,Wolf,laura.wolf268@example.com,2025-10-16,Zurich,CH,paid_social,False
CUST00269,Omid,Fischer,omid.fischer269@example.com,2025-07-24,Zurich,CH,affiliate,True
CUST00270,Jonas,Wolf,jonas.wolf270@example.com,2026-05-08,Basel,CH,direct,False
CUST00271,Max,Fischer,max.fischer271@example.com,2025-05-08,Frankfurt,DE,paid_search,False
CUST00272,Laura,Schmidt,laura.schmidt272@example.com,2025-05-31,Basel,CH,direct,False
CUST00273,Jonas,Meyer,jonas.meyer273@example.com,2026-04-07,Amsterdam,NL,paid_search,False
CUST00274,Laura,Schmidt,laura.schmidt274@example.com,2026-01-18,Cologne,DE,paid_search,True
CUST00275,Tim,Becker,tim.becker275@example.com,2025-04-12,Basel,CH,email,True
CUST00276,David,Fischer,david.fischer276@example.com,2025-10-21,Amsterdam,NL,email,False
CUST00277,Max,Meyer,max.meyer277@example.com,2025-01-06,Amsterdam,NL,paid_search,False
CUST00278,Mina,Weber,mina.weber278@example.com,2026-03-10,Berlin,DE,paid_search,True
CUST00279,Omid,Klein,omid.klein279@example.com,2026-03-06,Vienna,AT,organic,False
CUST00280,Elena,Meyer,elena.meyer280@example.com,2026-05-27,Leipzig,DE,email,False
CUST00281,Laura,Meyer,laura.meyer281@example.com,2025-05-28,Frankfurt,DE,email,False
CUST00282,Nina,Schmidt,nina.schmidt282@example.com,2026-03-03,Munich,DE,paid_social,False
CUST00283,David,Meyer,david.meyer283@example.com,2025-01-21,Bremen,DE,email,False
CUST00284,Anna,Becker,anna.becker284@example.com,2025-09-17,Graz,AT,email,False
CUST00285,Omid,Becker,omid.becker285@example.com,2025-04-17,Zurich,CH,organic,False
CUST00286,Nina,Fischer,nina.fischer286@example.com,2025-12-13,Basel,CH,affiliate,False
CUST00287,Sara,Fischer,sara.fischer287@example.com,2026-05-06,Vienna,AT,organic,False
CUST00288,Mina,Weber,mina.weber288@example.com,2026-04-14,Hamburg,DE,organic,False
CUST00289,Mina,Wolf,mina.wolf289@example.com,2025-02-12,Stuttgart,DE,paid_search,False
CUST00290,Anna,Weber,anna.weber290@example.com,2026-04-30,Frankfurt,DE,paid_search,False
CUST00291,Nina,Becker,nina.becker291@example.com,2025-02-18,Basel,CH,paid_search,False
CUST00292,Laura,Klein,laura.klein292@example.com,2026-03-24,Amsterdam,NL,direct,False
CUST00293,Tim,Klein,tim.klein293@example.com,2025-07-11,Düsseldorf,DE,paid_search,False
CUST00294,Max,Hoffmann,max.hoffmann294@example.com,2025-10-01,Zurich,CH,organic,False
CUST00295,Mina,Becker,mina.becker295@example.com,2025-07-04,Hannover,DE,organic,False
CUST00296,David,Neumann,david.neumann296@example.com,2025-10-30,Frankfurt,DE,email,False
CUST00297,David,Meyer,david.meyer297@example.com,2026-03-31,Stuttgart,DE,email,False
CUST00298,Nina,Meyer,nina.meyer298@example.com,2026-03-22,Frankfurt,DE,organic,False
CUST00299,Tim,Fischer,tim.fischer299@example.com,2026-01-08,Hannover,DE,direct,True
CUST00300,Sara,Schmidt,sara.schmidt300@example.com,2026-03-25,Hamburg,DE,organic,False
CUST00301,Omid,Meyer,omid.meyer301@example.com,2026-01-06,Bremen,DE,email,False
CUST00302,David,Schmidt,david.schmidt302@example.com,2026-01-15,Stuttgart,DE,paid_social,False
CUST00303,Nina,Wagner,nina.wagner303@example.com,2026-02-12,Stuttgart,DE,organic,True
CUST00304,Elena,Hoffmann,elena.hoffmann304@example.com,2025-07-10,Düsseldorf,DE,direct,True
CUST00305,David,Weber,david.weber305@example.com,2025-09-24,Graz,AT,direct,False
CUST00306,Max,Fischer,max.fischer306@example.com,2026-05-18,Cologne,DE,affiliate,False
CUST00307,Nina,Becker,nina.becker307@example.com,2026-04-01,Berlin,DE,email,False
CUST00308,Mina,Fischer,mina.fischer308@example.com,2025-10-25,Amsterdam,NL,email,False
CUST00309,Jonas,Wolf,jonas.wolf309@example.com,2025-06-28,Zurich,CH,organic,False
CUST00310,David,Meyer,david.meyer310@example.com,2025-05-23,Cologne,DE,paid_search,False
CUST00311,Elena,Fischer,elena.fischer311@example.com,2026-04-24,Zurich,CH,email,True
CUST00312,Tim,Klein,tim.klein312@example.com,2025-11-13,Bremen,DE,paid_social,False
CUST00313,Jonas,Schmidt,jonas.schmidt313@example.com,2025-03-17,Munich,DE,paid_search,False
CUST00314,Elena,Neumann,elena.neumann314@example.com,2025-12-19,Munich,DE,organic,False
CUST00315,Anna,Schmidt,anna.schmidt315@example.com,2026-03-20,Hannover,DE,paid_social,False
CUST00316,Tim,Weber,tim.weber316@example.com,2025-06-15,Stuttgart,DE,paid_search,False
CUST00317,Max,Wagner,max.wagner317@example.com,2025-10-18,Basel,CH,organic,False
CUST00318,Nina,Wagner,nina.wagner318@example.com,2025-10-09,Munich,DE,email,True
CUST00319,Omid,Fischer,omid.fischer319@example.com,2025-06-22,Leipzig,DE,organic,False
CUST00320,Omid,Meyer,omid.meyer320@example.com,2025-12-12,Basel,CH,affiliate,True
CUST00321,Omid,Wagner,omid.wagner321@example.com,2025-02-16,Vienna,AT,email,False
CUST00322,Nina,Meyer,nina.meyer322@example.com,2026-03-03,Leipzig,DE,paid_social,False
CUST00323,Mina,Klein,mina.klein323@example.com,2025-10-24,Vienna,AT,organic,False
CUST00324,David,Schmidt,david.schmidt324@example.com,2026-02-20,Frankfurt,DE,email,False
CUST00325,David,Weber,david.weber325@example.com,2026-03-02,Düsseldorf,DE,paid_search,True
CUST00326,Jonas,Hoffmann,jonas.hoffmann326@example.com,2025-11-23,Graz,AT,organic,False
CUST00327,Vahid,Klein,vahid.klein327@example.com,2025-04-19,Stuttgart,DE,organic,False
CUST00328,Anna,Wagner,anna.wagner328@example.com,2025-05-25,Berlin,DE,direct,False
CUST00329,Sara,Becker,sara.becker329@example.com,2026-03-05,Cologne,DE,direct,False
CUST00330,Sara,Klein,sara.klein330@example.com,2025-07-14,Zurich,CH,direct,False
CUST00331,Anna,Schmidt,anna.schmidt331@example.com,2025-11-12,Düsseldorf,DE,direct,False
CUST00332,Omid,Becker,omid.becker332@example.com,2025-09-04,Cologne,DE,organic,False
CUST00333,Elena,Meyer,elena.meyer333@example.com,2026-04-27,Frankfurt,DE,affiliate,False
CUST00334,Jonas,Hoffmann,jonas.hoffmann334@example.com,2025-09-28,Graz,AT,paid_search,False
CUST00335,Elena,Wagner,elena.wagner335@example.com,2025-07-19,Stuttgart,DE,organic,False
CUST00336,Omid,Neumann,omid.neumann336@example.com,2025-10-14,Basel,CH,organic,False
CUST00337,Jonas,Wolf,jonas.wolf337@example.com,2026-02-08,Stuttgart,DE,direct,False
CUST00338,Elena,Hoffmann,elena.hoffmann338@example.com,2025-07-23,Leipzig,DE,paid_social,True
CUST00339,Jonas,Klein,jonas.klein339@example.com,2025-05-21,Graz,AT,paid_social,True
CUST00340,Omid,Becker,omid.becker340@example.com,2025-05-24,Stuttgart,DE,organic,False
CUST00341,Jonas,Wolf,jonas.wolf341@example.com,2025-11-03,Leipzig,DE,affiliate,False
CUST00342,Anna,Becker,anna.becker342@example.com,2025-11-03,Düsseldorf,DE,paid_search,True
CUST00343,Mina,Meyer,mina.meyer343@example.com,2026-03-03,Leipzig,DE,paid_social,False
CUST00344,Anna,Neumann,anna.neumann344@example.com,2025-08-22,Graz,AT,paid_social,False
CUST00345,Nina,Weber,nina.weber345@example.com,2026-01-25,Munich,DE,organic,False
CUST00346,Anna,Klein,anna.klein346@example.com,2025-04-23,Cologne,DE,paid_search,False
CUST00347,Elena,Neumann,elena.neumann347@example.com,2025-07-28,Bremen,DE,direct,False
CUST00348,Sara,Wolf,sara.wolf348@example.com,2025-03-05,Graz,AT,organic,False
CUST00349,Laura,Becker,laura.becker349@example.com,2026-05-05,Hannover,DE,direct,False
CUST00350,Jonas,Wagner,jonas.wagner350@example.com,2025-12-17,Hannover,DE,email,False
CUST00351,Elena,Wagner,elena.wagner351@example.com,2025-09-10,Frankfurt,DE,organic,False
CUST00352,Mina,Weber,mina.weber352@example.com,2025-11-01,Zurich,CH,email,False
CUST00353,Elena,Wagner,elena.wagner353@example.com,2026-05-07,Stuttgart,DE,paid_search,False
CUST00354,Laura,Becker,laura.becker354@example.com,2026-01-24,Amsterdam,NL,direct,False
CUST00355,Mina,Schmidt,mina.schmidt355@example.com,2025-10-25,Hamburg,DE,paid_search,False
CUST00356,David,Weber,david.weber356@example.com,2025-09-20,Graz,AT,organic,False
CUST00357,Max,Neumann,max.neumann357@example.com,2025-10-06,Munich,DE,email,False
CUST00358,Elena,Weber,elena.weber358@example.com,2025-02-21,Vienna,AT,email,True
CUST00359,Tim,Klein,tim.klein359@example.com,2026-02-28,Stuttgart,DE,organic,False
CUST00360,Sara,Hoffmann,sara.hoffmann360@example.com,2025-01-06,Hannover,DE,email,False
CUST00361,Nina,Weber,nina.weber361@example.com,2026-05-03,Düsseldorf,DE,email,False
CUST00362,Anna,Schmidt,anna.schmidt362@example.com,2025-10-20,Vienna,AT,email,False
CUST00363,Sara,Hoffmann,sara.hoffmann363@example.com,2025-02-08,Amsterdam,NL,direct,False
CUST00364,Laura,Klein,laura.klein364@example.com,2025-02-07,Basel,CH,organic,False
CUST00365,Anna,Meyer,anna.meyer365@example.com,2025-10-24,Amsterdam,NL,paid_search,False
CUST00366,David,Wolf,david.wolf366@example.com,2025-12-10,Frankfurt,DE,paid_social,False
CUST00367,Elena,Klein,elena.klein367@example.com,2025-05-18,Basel,CH,paid_search,False
CUST00368,Tim,Klein,tim.klein368@example.com,2025-12-05,Munich,DE,email,False
CUST00369,Jonas,Wagner,jonas.wagner369@example.com,2025-01-15,Graz,AT,paid_social,False
CUST00370,Nina,Hoffmann,nina.hoffmann370@example.com,2025-06-29,Leipzig,DE,affiliate,False
CUST00371,Nina,Schmidt,nina.schmidt371@example.com,2025-03-30,Bremen,DE,organic,True
CUST00372,Vahid,Meyer,vahid.meyer372@example.com,2025-11-28,Amsterdam,NL,paid_search,False
CUST00373,Mina,Neumann,mina.neumann373@example.com,2025-10-01,Stuttgart,DE,email,True
CUST00374,Vahid,Meyer,vahid.meyer374@example.com,2026-01-04,Graz,AT,email,False
CUST00375,Nina,Wolf,nina.wolf375@example.com,2025-06-13,Bremen,DE,direct,False
CUST00376,Max,Wagner,max.wagner376@example.com,2025-11-15,Graz,AT,paid_search,False
CUST00377,Sara,Klein,sara.klein377@example.com,2025-05-17,Düsseldorf,DE,email,False
CUST00378,Elena,Klein,elena.klein378@example.com,2026-03-02,Graz,AT,email,False
CUST00379,Vahid,Neumann,vahid.neumann379@example.com,2025-08-12,Zurich,CH,affiliate,True
CUST00380,Tim,Becker,tim.becker380@example.com,2026-04-03,Hannover,DE,organic,False
CUST00381,Elena,Wolf,elena.wolf381@example.com,2025-03-05,Basel,CH,organic,False
CUST00382,Elena,Klein,elena.klein382@example.com,2025-06-18,Stuttgart,DE,organic,False
CUST00383,Elena,Klein,elena.klein383@example.com,2026-05-16,Berlin,DE,affiliate,False
CUST00384,Omid,Meyer,omid.meyer384@example.com,2026-03-02,Düsseldorf,DE,paid_social,False
CUST00385,Anna,Hoffmann,anna.hoffmann385@example.com,2025-11-12,Graz,AT,paid_search,True
CUST00386,Max,Meyer,max.meyer386@example.com,2025-08-12,Leipzig,DE,paid_search,False
CUST00387,Max,Klein,max.klein387@example.com,2025-03-03,Amsterdam,NL,organic,False
CUST00388,Nina,Hoffmann,nina.hoffmann388@example.com,2025-05-19,Zurich,CH,paid_search,False
CUST00389,Laura,Hoffmann,laura.hoffmann389@example.com,2026-04-05,Basel,CH,organic,False
CUST00390,Jonas,Schmidt,jonas.schmidt390@example.com,2025-05-17,Vienna,AT,organic,False
CUST00391,Vahid,Meyer,vahid.meyer391@example.com,2025-05-11,Graz,AT,email,False
CUST00392,Tim,Wolf,tim.wolf392@example.com,2026-04-20,Vienna,AT,paid_search,False
CUST00393,David,Becker,david.becker393@example.com,2025-08-24,Cologne,DE,organic,False
CUST00394,Nina,Hoffmann,nina.hoffmann394@example.com,2025-04-26,Hamburg,DE,email,False
CUST00395,Vahid,Schmidt,vahid.schmidt395@example.com,2025-01-17,Cologne,DE,organic,True
CUST00396,Tim,Meyer,tim.meyer396@example.com,2025-02-19,Cologne,DE,paid_search,False
CUST00397,Anna,Fischer,anna.fischer397@example.com,2025-08-11,Zurich,CH,paid_social,False
CUST00398,Omid,Becker,omid.becker398@example.com,2025-11-23,Leipzig,DE,organic,False
CUST00399,Mina,Wagner,mina.wagner399@example.com,2025-08-15,Bremen,DE,organic,False
CUST00400,Nina,Hoffmann,nina.hoffmann400@example.com,2025-06-29,Vienna,AT,paid_social,True
CUST00401,Nina,Hoffmann,nina.hoffmann401@example.com,2025-12-19,Vienna,AT,email,False
CUST00402,Sara,Wagner,sara.wagner402@example.com,2026-03-03,Bremen,DE,paid_search,False
CUST00403,Vahid,Wagner,vahid.wagner403@example.com,2026-04-30,Cologne,DE,affiliate,True
CUST00404,Anna,Wolf,anna.wolf404@example.com,2026-04-20,Amsterdam,NL,paid_search,False
CUST00405,Vahid,Wagner,vahid.wagner405@example.com,2025-05-18,Bremen,DE,organic,False
CUST00406,Jonas,Schmidt,jonas.schmidt406@example.com,2026-04-06,Basel,CH,paid_social,False
CUST00407,Laura,Neumann,laura.neumann407@example.com,2025-02-22,Frankfurt,DE,email,False
CUST00408,Omid,Wolf,omid.wolf408@example.com,2025-07-12,Zurich,CH,organic,False
CUST00409,Anna,Weber,anna.weber409@example.com,2025-12-07,Frankfurt,DE,direct,False
CUST00410,David,Weber,david.weber410@example.com,2025-05-01,Graz,AT,email,False
CUST00411,Vahid,Wolf,vahid.wolf411@example.com,2026-02-11,Amsterdam,NL,paid_search,False
CUST00412,Nina,Becker,nina.becker412@example.com,2026-04-23,Hannover,DE,paid_search,False
CUST00413,Max,Klein,max.klein413@example.com,2026-05-25,Düsseldorf,DE,email,False
CUST00414,Jonas,Hoffmann,jonas.hoffmann414@example.com,2025-07-28,Stuttgart,DE,organic,False
CUST00415,Mina,Wolf,mina.wolf415@example.com,2025-05-30,Hamburg,DE,direct,False
CUST00416,Sara,Weber,sara.weber416@example.com,2026-03-04,Frankfurt,DE,paid_search,False
CUST00417,Elena,Becker,elena.becker417@example.com,2025-09-09,Düsseldorf,DE,paid_search,False
CUST00418,Sara,Becker,sara.becker418@example.com,2026-05-18,Düsseldorf,DE,organic,False
CUST00419,Elena,Meyer,elena.meyer419@example.com,2026-05-16,Munich,DE,paid_social,False
CUST00420,Nina,Meyer,nina.meyer420@example.com,2025-03-18,Basel,CH,email,False
CUST00421,Tim,Fischer,tim.fischer421@example.com,2025-08-25,Berlin,DE,organic,False
CUST00422,Omid,Neumann,omid.neumann422@example.com,2026-01-18,Hamburg,DE,direct,False
CUST00423,Elena,Wolf,elena.wolf423@example.com,2025-01-17,Hamburg,DE,paid_search,True
CUST00424,Mina,Meyer,mina.meyer424@example.com,2025-10-09,Hannover,DE,paid_social,False
CUST00425,Sara,Schmidt,sara.schmidt425@example.com,2026-03-17,Zurich,CH,direct,False
CUST00426,Omid,Wolf,omid.wolf426@example.com,2025-09-04,Cologne,DE,paid_search,False
CUST00427,Jonas,Hoffmann,jonas.hoffmann427@example.com,2026-02-11,Berlin,DE,paid_social,False
CUST00428,Nina,Schmidt,nina.schmidt428@example.com,2025-08-20,Frankfurt,DE,email,False
CUST00429,Laura,Hoffmann,laura.hoffmann429@example.com,2025-02-02,Berlin,DE,paid_search,False
CUST00430,Sara,Schmidt,sara.schmidt430@example.com,2025-01-10,Graz,AT,paid_social,False
CUST00431,Max,Wolf,max.wolf431@example.com,2025-12-06,Leipzig,DE,direct,False
CUST00432,Anna,Schmidt,anna.schmidt432@example.com,2026-05-02,Frankfurt,DE,email,False
CUST00433,Jonas,Meyer,jonas.meyer433@example.com,2025-02-03,Munich,DE,direct,False
CUST00434,Max,Wagner,max.wagner434@example.com,2026-02-12,Amsterdam,NL,organic,False
CUST00435,Elena,Becker,elena.becker435@example.com,2026-02-03,Vienna,AT,paid_search,False
CUST00436,Tim,Becker,tim.becker436@example.com,2025-03-22,Hannover,DE,organic,False
CUST00437,Omid,Neumann,omid.neumann437@example.com,2025-03-19,Stuttgart,DE,direct,False
CUST00438,Nina,Wagner,nina.wagner438@example.com,2025-12-01,Hamburg,DE,email,False
CUST00439,Elena,Hoffmann,elena.hoffmann439@example.com,2025-08-22,Stuttgart,DE,paid_search,False
CUST00440,Omid,Wagner,omid.wagner440@example.com,2026-01-25,Berlin,DE,email,False
CUST00441,Sara,Hoffmann,sara.hoffmann441@example.com,2025-03-26,Frankfurt,DE,email,False
CUST00442,Jonas,Schmidt,jonas.schmidt442@example.com,2026-02-03,Stuttgart,DE,organic,False
CUST00443,Mina,Schmidt,mina.schmidt443@example.com,2026-04-01,Stuttgart,DE,organic,False
CUST00444,Elena,Wolf,elena.wolf444@example.com,2026-04-05,Hannover,DE,paid_search,True
CUST00445,Max,Neumann,max.neumann445@example.com,2025-12-29,Hannover,DE,paid_social,False
CUST00446,Mina,Hoffmann,mina.hoffmann446@example.com,2026-01-30,Hamburg,DE,paid_search,True
CUST00447,Elena,Fischer,elena.fischer447@example.com,2025-09-06,Leipzig,DE,email,False
CUST00448,Mina,Klein,mina.klein448@example.com,2025-10-03,Frankfurt,DE,organic,False
CUST00449,Mina,Klein,mina.klein449@example.com,2025-10-10,Bremen,DE,email,False
CUST00450,Nina,Klein,nina.klein450@example.com,2025-09-10,Graz,AT,paid_social,False
CUST00451,Mina,Meyer,mina.meyer451@example.com,2025-04-20,Munich,DE,direct,False
CUST00452,Jonas,Klein,jonas.klein452@example.com,2026-01-25,Zurich,CH,paid_search,False
CUST00453,Jonas,Neumann,jonas.neumann453@example.com,2025-05-20,Frankfurt,DE,direct,False
CUST00454,Laura,Becker,laura.becker454@example.com,2025-11-18,Munich,DE,paid_search,False
CUST00455,Vahid,Becker,vahid.becker455@example.com,2026-05-18,Leipzig,DE,paid_search,False
CUST00456,Max,Neumann,max.neumann456@example.com,2026-02-07,Stuttgart,DE,organic,False
CUST00457,Elena,Meyer,elena.meyer457@example.com,2025-07-04,Vienna,AT,direct,False
CUST00458,Mina,Schmidt,mina.schmidt458@example.com,2025-08-03,Düsseldorf,DE,affiliate,False
CUST00459,David,Fischer,david.fischer459@example.com,2026-02-23,Vienna,AT,email,False
CUST00460,Laura,Hoffmann,laura.hoffmann460@example.com,2025-06-07,Graz,AT,organic,False
CUST00461,Laura,Wolf,laura.wolf461@example.com,2026-05-06,Leipzig,DE,paid_social,False
CUST00462,Anna,Becker,anna.becker462@example.com,2026-03-05,Hannover,DE,email,False
CUST00463,Vahid,Becker,vahid.becker463@example.com,2025-03-29,Berlin,DE,organic,False
CUST00464,Jonas,Hoffmann,jonas.hoffmann464@example.com,2026-02-14,Zurich,CH,organic,True
CUST00465,Tim,Wolf,tim.wolf465@example.com,2025-08-16,Hannover,DE,paid_social,False
CUST00466,Jonas,Hoffmann,jonas.hoffmann466@example.com,2025-08-15,Düsseldorf,DE,paid_social,False
CUST00467,Jonas,Meyer,jonas.meyer467@example.com,2026-05-28,Munich,DE,paid_social,False
CUST00468,Tim,Fischer,tim.fischer468@example.com,2025-03-29,Berlin,DE,paid_search,False
CUST00469,David,Becker,david.becker469@example.com,2025-07-31,Hannover,DE,paid_social,False
CUST00470,Max,Wagner,max.wagner470@example.com,2026-04-09,Stuttgart,DE,organic,False
CUST00471,Jonas,Schmidt,jonas.schmidt471@example.com,2025-01-24,Basel,CH,email,False
CUST00472,Sara,Wolf,sara.wolf472@example.com,2025-09-07,Hannover,DE,organic,False
CUST00473,Laura,Fischer,laura.fischer473@example.com,2026-04-19,Cologne,DE,organic,False
CUST00474,Tim,Neumann,tim.neumann474@example.com,2026-02-10,Hamburg,DE,direct,False
CUST00475,Anna,Weber,anna.weber475@example.com,2026-03-16,Bremen,DE,organic,False
CUST00476,Max,Wolf,max.wolf476@example.com,2025-03-06,Leipzig,DE,organic,False
CUST00477,Mina,Klein,mina.klein477@example.com,2026-04-14,Berlin,DE,paid_social,False
CUST00478,Laura,Neumann,laura.neumann478@example.com,2026-02-02,Leipzig,DE,organic,False
CUST00479,Sara,Wagner,sara.wagner479@example.com,2026-04-14,Leipzig,DE,direct,False
CUST00480,Max,Weber,max.weber480@example.com,2025-05-18,Stuttgart,DE,paid_search,False
CUST00481,Laura,Hoffmann,laura.hoffmann481@example.com,2025-05-25,Hannover,DE,paid_social,False
CUST00482,David,Wolf,david.wolf482@example.com,2026-03-10,Munich,DE,email,False
CUST00483,Sara,Klein,sara.klein483@example.com,2025-06-27,Hannover,DE,paid_search,False
CUST00484,Anna,Becker,anna.becker484@example.com,2026-04-07,Leipzig,DE,direct,False
CUST00485,Laura,Wolf,laura.wolf485@example.com,2025-07-19,Basel,CH,paid_social,False
CUST00486,Tim,Klein,tim.klein486@example.com,2026-05-19,Bremen,DE,paid_social,True
CUST00487,Vahid,Wagner,vahid.wagner487@example.com,2025-02-01,Zurich,CH,organic,False
CUST00488,David,Neumann,david.neumann488@example.com,2025-10-23,Munich,DE,email,False
CUST00489,Max,Wagner,max.wagner489@example.com,2025-04-26,Leipzig,DE,email,False
CUST00490,Anna,Klein,anna.klein490@example.com,2026-01-11,Hannover,DE,paid_social,False
CUST00491,Nina,Weber,nina.weber491@example.com,2025-04-15,Graz,AT,paid_search,False
CUST00492,Jonas,Schmidt,jonas.schmidt492@example.com,2026-04-06,Frankfurt,DE,paid_search,False
CUST00493,Tim,Neumann,tim.neumann493@example.com,2025-08-31,Cologne,DE,email,False
CUST00494,Omid,Fischer,omid.fischer494@example.com,2026-03-15,Munich,DE,email,False
CUST00495,Jonas,Wolf,jonas.wolf495@example.com,2025-03-02,Leipzig,DE,paid_search,False
CUST00496,Mina,Wagner,mina.wagner496@example.com,2025-11-28,Graz,AT,paid_social,False
CUST00497,Laura,Meyer,laura.meyer497@example.com,2025-04-08,Munich,DE,direct,False
CUST00498,Sara,Weber,sara.weber498@example.com,2025-05-10,Graz,AT,organic,False
CUST00499,Nina,Hoffmann,nina.hoffmann499@example.com,2025-09-11,Zurich,CH,paid_social,False
CUST00500,Laura,Hoffmann,laura.hoffmann500@example.com,2025-10-03,Vienna,AT,paid_social,False
CUST00501,Elena,Wagner,elena.wagner501@example.com,2025-04-06,Bremen,DE,email,False
CUST00502,Jonas,Neumann,jonas.neumann502@example.com,2026-04-11,Düsseldorf,DE,organic,False
CUST00503,David,Becker,david.becker503@example.com,2025-04-06,Graz,AT,affiliate,False
CUST00504,Laura,Weber,laura.weber504@example.com,2026-02-12,Cologne,DE,paid_social,False
CUST00505,Elena,Neumann,elena.neumann505@example.com,2025-10-18,Stuttgart,DE,organic,False
CUST00506,Nina,Meyer,nina.meyer506@example.com,2025-12-18,Amsterdam,NL,organic,False
CUST00507,Max,Fischer,max.fischer507@example.com,2026-04-16,Hamburg,DE,paid_search,True
CUST00508,Tim,Fischer,tim.fischer508@example.com,2026-03-15,Cologne,DE,direct,False
CUST00509,Nina,Becker,nina.becker509@example.com,2025-10-08,Berlin,DE,paid_search,False
CUST00510,Laura,Wagner,laura.wagner510@example.com,2025-06-19,Hamburg,DE,email,False
CUST00511,Max,Schmidt,max.schmidt511@example.com,2026-03-16,Vienna,AT,organic,False
CUST00512,Vahid,Wolf,vahid.wolf512@example.com,2025-05-16,Leipzig,DE,email,True
CUST00513,Max,Hoffmann,max.hoffmann513@example.com,2025-12-18,Basel,CH,email,False
CUST00514,Max,Schmidt,max.schmidt514@example.com,2025-08-23,Bremen,DE,organic,False
CUST00515,Laura,Fischer,laura.fischer515@example.com,2025-11-03,Munich,DE,email,False
CUST00516,Omid,Meyer,omid.meyer516@example.com,2025-03-12,Hannover,DE,email,False
CUST00517,Vahid,Fischer,vahid.fischer517@example.com,2025-12-26,Graz,AT,direct,False
CUST00518,Vahid,Schmidt,vahid.schmidt518@example.com,2026-03-30,Basel,CH,direct,True
CUST00519,Tim,Hoffmann,tim.hoffmann519@example.com,2025-05-07,Leipzig,DE,paid_search,False
CUST00520,Mina,Schmidt,mina.schmidt520@example.com,2025-05-24,Cologne,DE,organic,False
CUST00521,Tim,Meyer,tim.meyer521@example.com,2025-10-19,Zurich,CH,affiliate,False
CUST00522,Elena,Neumann,elena.neumann522@example.com,2025-11-05,Cologne,DE,paid_social,False
CUST00523,Anna,Weber,anna.weber523@example.com,2025-10-30,Vienna,AT,paid_social,True
CUST00524,Omid,Schmidt,omid.schmidt524@example.com,2026-05-27,Vienna,AT,paid_social,False
CUST00525,Jonas,Fischer,jonas.fischer525@example.com,2026-01-05,Amsterdam,NL,paid_search,False
CUST00526,Elena,Fischer,elena.fischer526@example.com,2026-03-07,Stuttgart,DE,email,False
CUST00527,Omid,Schmidt,omid.schmidt527@example.com,2025-03-16,Hamburg,DE,organic,False
CUST00528,Laura,Wolf,laura.wolf528@example.com,2025-03-03,Zurich,CH,paid_search,False
CUST00529,Tim,Hoffmann,tim.hoffmann529@example.com,2026-03-02,Bremen,DE,organic,False
CUST00530,Max,Wagner,max.wagner530@example.com,2025-06-06,Frankfurt,DE,organic,False
CUST00531,Jonas,Hoffmann,jonas.hoffmann531@example.com,2025-06-09,Hannover,DE,paid_social,False
CUST00532,Tim,Hoffmann,tim.hoffmann532@example.com,2025-03-09,Frankfurt,DE,email,False
CUST00533,Max,Hoffmann,max.hoffmann533@example.com,2025-03-01,Cologne,DE,organic,False
CUST00534,Nina,Fischer,nina.fischer534@example.com,2025-02-26,Frankfurt,DE,organic,False
CUST00535,David,Becker,david.becker535@example.com,2025-01-12,Munich,DE,paid_social,False
CUST00536,Jonas,Fischer,jonas.fischer536@example.com,2025-09-23,Munich,DE,email,False
CUST00537,Anna,Becker,anna.becker537@example.com,2025-05-01,Zurich,CH,affiliate,False
CUST00538,Tim,Neumann,tim.neumann538@example.com,2025-03-07,Frankfurt,DE,email,False
CUST00539,David,Neumann,david.neumann539@example.com,2026-01-04,Hamburg,DE,organic,False
CUST00540,Omid,Schmidt,omid.schmidt540@example.com,2025-04-16,Amsterdam,NL,organic,False
CUST00541,Anna,Weber,anna.weber541@example.com,2025-02-15,Basel,CH,organic,False
CUST00542,Anna,Wolf,anna.wolf542@example.com,2025-06-03,Munich,DE,affiliate,False
CUST00543,Jonas,Weber,jonas.weber543@example.com,2026-03-06,Cologne,DE,paid_search,False
CUST00544,Max,Neumann,max.neumann544@example.com,2025-10-05,Basel,CH,paid_search,False
CUST00545,Vahid,Wolf,vahid.wolf545@example.com,2025-02-23,Munich,DE,direct,False
CUST00546,David,Wagner,david.wagner546@example.com,2025-03-12,Amsterdam,NL,email,False
CUST00547,David,Meyer,david.meyer547@example.com,2025-03-30,Hannover,DE,paid_search,False
CUST00548,Omid,Weber,omid.weber548@example.com,2025-11-08,Graz,AT,paid_social,False
CUST00549,Vahid,Wolf,vahid.wolf549@example.com,2026-05-21,Zurich,CH,email,False
CUST00550,Laura,Meyer,laura.meyer550@example.com,2025-01-07,Amsterdam,NL,organic,False
CUST00551,Anna,Hoffmann,anna.hoffmann551@example.com,2025-01-10,Stuttgart,DE,affiliate,False
CUST00552,Elena,Weber,elena.weber552@example.com,2025-04-17,Cologne,DE,paid_search,False
CUST00553,Mina,Schmidt,mina.schmidt553@example.com,2025-05-26,Graz,AT,organic,False
CUST00554,Jonas,Klein,jonas.klein554@example.com,2026-02-27,Graz,AT,direct,True
CUST00555,Sara,Hoffmann,sara.hoffmann555@example.com,2025-04-08,Hannover,DE,organic,False
CUST00556,Sara,Weber,sara.weber556@example.com,2026-03-22,Vienna,AT,paid_search,False
CUST00557,Tim,Becker,tim.becker557@example.com,2026-02-07,Graz,AT,paid_search,False
CUST00558,Sara,Neumann,sara.neumann558@example.com,2025-03-18,Cologne,DE,organic,True
CUST00559,Jonas,Hoffmann,jonas.hoffmann559@example.com,2026-04-06,Düsseldorf,DE,organic,False
CUST00560,Mina,Klein,mina.klein560@example.com,2025-08-01,Düsseldorf,DE,paid_search,True
CUST00561,Nina,Wagner,nina.wagner561@example.com,2025-06-11,Zurich,CH,affiliate,False
CUST00562,Jonas,Fischer,jonas.fischer562@example.com,2025-02-11,Cologne,DE,organic,False
CUST00563,Elena,Meyer,elena.meyer563@example.com,2025-12-31,Bremen,DE,email,False
CUST00564,Laura,Klein,laura.klein564@example.com,2025-06-28,Hamburg,DE,paid_social,False
CUST00565,Max,Fischer,max.fischer565@example.com,2025-04-07,Düsseldorf,DE,organic,True
CUST00566,Vahid,Hoffmann,vahid.hoffmann566@example.com,2025-08-16,Munich,DE,paid_search,False
CUST00567,Omid,Wagner,omid.wagner567@example.com,2025-03-28,Leipzig,DE,direct,True
CUST00568,Nina,Klein,nina.klein568@example.com,2025-03-08,Cologne,DE,affiliate,True
CUST00569,Anna,Klein,anna.klein569@example.com,2025-12-06,Berlin,DE,organic,False
CUST00570,Tim,Hoffmann,tim.hoffmann570@example.com,2026-03-20,Basel,CH,paid_social,False
CUST00571,Jonas,Weber,jonas.weber571@example.com,2026-03-13,Munich,DE,direct,False
CUST00572,Sara,Meyer,sara.meyer572@example.com,2026-04-02,Amsterdam,NL,email,False
CUST00573,Laura,Wolf,laura.wolf573@example.com,2025-10-30,Düsseldorf,DE,paid_social,True
CUST00574,Laura,Weber,laura.weber574@example.com,2026-01-28,Munich,DE,email,False
CUST00575,Elena,Meyer,elena.meyer575@example.com,2025-09-13,Vienna,AT,direct,False
CUST00576,Elena,Klein,elena.klein576@example.com,2026-01-03,Düsseldorf,DE,paid_search,False
CUST00577,Mina,Fischer,mina.fischer577@example.com,2025-11-26,Bremen,DE,organic,False
CUST00578,Mina,Meyer,mina.meyer578@example.com,2025-01-31,Amsterdam,NL,affiliate,False
CUST00579,Omid,Weber,omid.weber579@example.com,2026-01-02,Zurich,CH,direct,True
CUST00580,Elena,Meyer,elena.meyer580@example.com,2025-09-04,Frankfurt,DE,email,False
CUST00581,Sara,Fischer,sara.fischer581@example.com,2026-02-02,Stuttgart,DE,organic,False
CUST00582,Omid,Meyer,omid.meyer582@example.com,2026-01-03,Amsterdam,NL,email,False
CUST00583,Vahid,Klein,vahid.klein583@example.com,2025-05-26,Leipzig,DE,paid_social,False
CUST00584,Anna,Weber,anna.weber584@example.com,2025-02-08,Berlin,DE,email,True
CUST00585,Jonas,Neumann,jonas.neumann585@example.com,2026-05-05,Hamburg,DE,organic,True
CUST00586,Jonas,Meyer,jonas.meyer586@example.com,2025-07-01,Amsterdam,NL,organic,False
CUST00587,Max,Wolf,max.wolf587@example.com,2025-05-26,Zurich,CH,affiliate,False
CUST00588,Nina,Hoffmann,nina.hoffmann588@example.com,2026-01-18,Graz,AT,paid_social,False
CUST00589,Sara,Hoffmann,sara.hoffmann589@example.com,2025-11-27,Munich,DE,email,False
CUST00590,Tim,Wolf,tim.wolf590@example.com,2025-11-21,Munich,DE,email,False
CUST00591,Nina,Neumann,nina.neumann591@example.com,2026-01-01,Cologne,DE,affiliate,False
CUST00592,Sara,Meyer,sara.meyer592@example.com,2025-10-29,Munich,DE,direct,False
CUST00593,Omid,Meyer,omid.meyer593@example.com,2026-02-05,Basel,CH,organic,False
CUST00594,Omid,Schmidt,omid.schmidt594@example.com,2025-08-15,Vienna,AT,direct,True
CUST00595,Jonas,Becker,jonas.becker595@example.com,2025-03-21,Cologne,DE,organic,False
CUST00596,Tim,Becker,tim.becker596@example.com,2025-04-01,Basel,CH,paid_search,False
CUST00597,Max,Becker,max.becker597@example.com,2025-09-13,Graz,AT,paid_search,True
CUST00598,Laura,Klein,laura.klein598@example.com,2025-01-02,Hamburg,DE,email,False
CUST00599,Laura,Becker,laura.becker599@example.com,2026-02-28,Düsseldorf,DE,paid_social,True
CUST00600,Omid,Weber,omid.weber600@example.com,2026-05-06,Zurich,CH,organic,True
